variable,count,mean,std,min,25%,50%,75%,max,original
dummy1,1000.0,0.0001823319338358313,0.010997151191140371,-0.0404924500877648,-0.007058269799005975,0.00010862977661838426,0.0077821387069864495,0.0327816858790006,0.0038648277322543
dummy2,1000.0,-5.119288085563545e-05,0.010967125220078361,-0.040319589076696,-0.007653996972520376,0.00017152237129675,0.00740200699488405,0.0367508359124144,-0.007956721975681
x1,1000.0,0.20941696268891924,2.98564310920451,-7.992089753055401,-1.837557433708076,0.14083153183174635,2.1061277473163273,28.20394591214271,28.20394591214271
x2,1000.0,0.1573368107017058,7.9310825097590385,-24.547603214337272,-4.71959406433006,-0.009654415181785201,5.260188026205956,75.05173098264589,75.05173098264589
x3,1000.0,0.020061743853779502,1.9296369098927257,-7.398359256598468,-1.2032076185108271,0.05191143190863195,1.181457067008327,17.754624271544493,17.754624271544493
